-- MySQL dump 10.13  Distrib 5.5.46, for debian-linux-gnu (x86_64)
--
-- Host: 0.0.0.0    Database: oauth2
-- ------------------------------------------------------
-- Server version	5.5.46-0ubuntu0.14.04.2

/*!40101 SET @OLD_CHARACTER_SET_CLIENT=@@CHARACTER_SET_CLIENT */;
/*!40101 SET @OLD_CHARACTER_SET_RESULTS=@@CHARACTER_SET_RESULTS */;
/*!40101 SET @OLD_COLLATION_CONNECTION=@@COLLATION_CONNECTION */;
/*!40101 SET NAMES utf8 */;
/*!40103 SET @OLD_TIME_ZONE=@@TIME_ZONE */;
/*!40103 SET TIME_ZONE='+00:00' */;
/*!40014 SET @OLD_UNIQUE_CHECKS=@@UNIQUE_CHECKS, UNIQUE_CHECKS=0 */;
/*!40014 SET @OLD_FOREIGN_KEY_CHECKS=@@FOREIGN_KEY_CHECKS, FOREIGN_KEY_CHECKS=0 */;
/*!40101 SET @OLD_SQL_MODE=@@SQL_MODE, SQL_MODE='NO_AUTO_VALUE_ON_ZERO' */;
/*!40111 SET @OLD_SQL_NOTES=@@SQL_NOTES, SQL_NOTES=0 */;

--
-- Table structure for table `oauth_access_token_scopes`
--

DROP TABLE IF EXISTS `oauth_access_token_scopes`;
/*!40101 SET @saved_cs_client     = @@character_set_client */;
/*!40101 SET character_set_client = utf8 */;
CREATE TABLE `oauth_access_token_scopes` (
  `id` int(10) unsigned NOT NULL AUTO_INCREMENT,
  `access_token` varchar(255) COLLATE utf8_unicode_ci NOT NULL,
  `scope` varchar(255) COLLATE utf8_unicode_ci NOT NULL,
  PRIMARY KEY (`id`),
  KEY `oauth_access_token_scopes_access_token_foreign` (`access_token`),
  KEY `oauth_access_token_scopes_scope_foreign` (`scope`),
  CONSTRAINT `oauth_access_token_scopes_scope_foreign` FOREIGN KEY (`scope`) REFERENCES `oauth_scopes` (`id`) ON DELETE CASCADE,
  CONSTRAINT `oauth_access_token_scopes_access_token_foreign` FOREIGN KEY (`access_token`) REFERENCES `oauth_access_tokens` (`access_token`) ON DELETE CASCADE
) ENGINE=InnoDB AUTO_INCREMENT=6 DEFAULT CHARSET=utf8 COLLATE=utf8_unicode_ci;
/*!40101 SET character_set_client = @saved_cs_client */;

--
-- Dumping data for table `oauth_access_token_scopes`
--

LOCK TABLES `oauth_access_token_scopes` WRITE;
/*!40000 ALTER TABLE `oauth_access_token_scopes` DISABLE KEYS */;
INSERT INTO `oauth_access_token_scopes` VALUES (1,'iamgod','basic'),(2,'iamgod','email'),(3,'iamgod','photo'),(4,'iamphil','email'),(5,'iamalex','photo');
/*!40000 ALTER TABLE `oauth_access_token_scopes` ENABLE KEYS */;
UNLOCK TABLES;

--
-- Table structure for table `oauth_access_tokens`
--

DROP TABLE IF EXISTS `oauth_access_tokens`;
/*!40101 SET @saved_cs_client     = @@character_set_client */;
/*!40101 SET character_set_client = utf8 */;
CREATE TABLE `oauth_access_tokens` (
  `access_token` varchar(255) COLLATE utf8_unicode_ci NOT NULL,
  `session_id` int(10) unsigned NOT NULL,
  `expire_time` int(11) NOT NULL,
  PRIMARY KEY (`access_token`),
  KEY `oauth_access_tokens_session_id_foreign` (`session_id`),
  CONSTRAINT `oauth_access_tokens_session_id_foreign` FOREIGN KEY (`session_id`) REFERENCES `oauth_sessions` (`id`) ON DELETE CASCADE
) ENGINE=InnoDB DEFAULT CHARSET=utf8 COLLATE=utf8_unicode_ci;
/*!40101 SET character_set_client = @saved_cs_client */;

--
-- Dumping data for table `oauth_access_tokens`
--

LOCK TABLES `oauth_access_tokens` WRITE;
/*!40000 ALTER TABLE `oauth_access_tokens` DISABLE KEYS */;
INSERT INTO `oauth_access_tokens` VALUES ('iamalex',2,1453930231),('iamgod',1,1453930231),('iamphil',3,1453930231);
/*!40000 ALTER TABLE `oauth_access_tokens` ENABLE KEYS */;
UNLOCK TABLES;

--
-- Table structure for table `oauth_auth_code_scopes`
--

DROP TABLE IF EXISTS `oauth_auth_code_scopes`;
/*!40101 SET @saved_cs_client     = @@character_set_client */;
/*!40101 SET character_set_client = utf8 */;
CREATE TABLE `oauth_auth_code_scopes` (
  `id` int(10) unsigned NOT NULL AUTO_INCREMENT,
  `auth_code` varchar(255) COLLATE utf8_unicode_ci NOT NULL,
  `scope` varchar(255) COLLATE utf8_unicode_ci NOT NULL,
  PRIMARY KEY (`id`),
  KEY `oauth_auth_code_scopes_auth_code_foreign` (`auth_code`),
  KEY `oauth_auth_code_scopes_scope_foreign` (`scope`),
  CONSTRAINT `oauth_auth_code_scopes_scope_foreign` FOREIGN KEY (`scope`) REFERENCES `oauth_scopes` (`id`) ON DELETE CASCADE,
  CONSTRAINT `oauth_auth_code_scopes_auth_code_foreign` FOREIGN KEY (`auth_code`) REFERENCES `oauth_auth_codes` (`auth_code`) ON DELETE CASCADE
) ENGINE=InnoDB DEFAULT CHARSET=utf8 COLLATE=utf8_unicode_ci;
/*!40101 SET character_set_client = @saved_cs_client */;

--
-- Dumping data for table `oauth_auth_code_scopes`
--

LOCK TABLES `oauth_auth_code_scopes` WRITE;
/*!40000 ALTER TABLE `oauth_auth_code_scopes` DISABLE KEYS */;
/*!40000 ALTER TABLE `oauth_auth_code_scopes` ENABLE KEYS */;
UNLOCK TABLES;

--
-- Table structure for table `oauth_auth_codes`
--

DROP TABLE IF EXISTS `oauth_auth_codes`;
/*!40101 SET @saved_cs_client     = @@character_set_client */;
/*!40101 SET character_set_client = utf8 */;
CREATE TABLE `oauth_auth_codes` (
  `auth_code` varchar(255) COLLATE utf8_unicode_ci NOT NULL,
  `session_id` int(10) unsigned NOT NULL,
  `expire_time` int(11) NOT NULL,
  `client_redirect_uri` varchar(255) COLLATE utf8_unicode_ci NOT NULL,
  PRIMARY KEY (`auth_code`),
  KEY `oauth_auth_codes_session_id_foreign` (`session_id`),
  CONSTRAINT `oauth_auth_codes_session_id_foreign` FOREIGN KEY (`session_id`) REFERENCES `oauth_sessions` (`id`) ON DELETE CASCADE
) ENGINE=InnoDB DEFAULT CHARSET=utf8 COLLATE=utf8_unicode_ci;
/*!40101 SET character_set_client = @saved_cs_client */;

--
-- Dumping data for table `oauth_auth_codes`
--

LOCK TABLES `oauth_auth_codes` WRITE;
/*!40000 ALTER TABLE `oauth_auth_codes` DISABLE KEYS */;
/*!40000 ALTER TABLE `oauth_auth_codes` ENABLE KEYS */;
UNLOCK TABLES;

--
-- Table structure for table `oauth_client_redirect_uris`
--

DROP TABLE IF EXISTS `oauth_client_redirect_uris`;
/*!40101 SET @saved_cs_client     = @@character_set_client */;
/*!40101 SET character_set_client = utf8 */;
CREATE TABLE `oauth_client_redirect_uris` (
  `id` int(10) unsigned NOT NULL AUTO_INCREMENT,
  `client_id` varchar(255) COLLATE utf8_unicode_ci NOT NULL,
  `redirect_uri` varchar(255) COLLATE utf8_unicode_ci NOT NULL,
  PRIMARY KEY (`id`)
) ENGINE=InnoDB AUTO_INCREMENT=2 DEFAULT CHARSET=utf8 COLLATE=utf8_unicode_ci;
/*!40101 SET character_set_client = @saved_cs_client */;

--
-- Dumping data for table `oauth_client_redirect_uris`
--

LOCK TABLES `oauth_client_redirect_uris` WRITE;
/*!40000 ALTER TABLE `oauth_client_redirect_uris` DISABLE KEYS */;
INSERT INTO `oauth_client_redirect_uris` VALUES (1,'testclient','http://example.com/redirect');
/*!40000 ALTER TABLE `oauth_client_redirect_uris` ENABLE KEYS */;
UNLOCK TABLES;

--
-- Table structure for table `oauth_clients`
--

DROP TABLE IF EXISTS `oauth_clients`;
/*!40101 SET @saved_cs_client     = @@character_set_client */;
/*!40101 SET character_set_client = utf8 */;
CREATE TABLE `oauth_clients` (
  `id` varchar(255) COLLATE utf8_unicode_ci NOT NULL,
  `secret` varchar(255) COLLATE utf8_unicode_ci NOT NULL,
  `name` varchar(255) COLLATE utf8_unicode_ci NOT NULL,
  PRIMARY KEY (`id`)
) ENGINE=InnoDB DEFAULT CHARSET=utf8 COLLATE=utf8_unicode_ci;
/*!40101 SET character_set_client = @saved_cs_client */;

--
-- Dumping data for table `oauth_clients`
--

LOCK TABLES `oauth_clients` WRITE;
/*!40000 ALTER TABLE `oauth_clients` DISABLE KEYS */;
INSERT INTO `oauth_clients` VALUES ('testclient','secret','Test Client');
/*!40000 ALTER TABLE `oauth_clients` ENABLE KEYS */;
UNLOCK TABLES;

--
-- Table structure for table `oauth_refresh_tokens`
--

DROP TABLE IF EXISTS `oauth_refresh_tokens`;
/*!40101 SET @saved_cs_client     = @@character_set_client */;
/*!40101 SET character_set_client = utf8 */;
CREATE TABLE `oauth_refresh_tokens` (
  `refresh_token` varchar(255) COLLATE utf8_unicode_ci NOT NULL,
  `expire_time` int(11) NOT NULL,
  `access_token` varchar(255) COLLATE utf8_unicode_ci NOT NULL,
  PRIMARY KEY (`refresh_token`),
  KEY `oauth_refresh_tokens_access_token_foreign` (`access_token`),
  CONSTRAINT `oauth_refresh_tokens_access_token_foreign` FOREIGN KEY (`access_token`) REFERENCES `oauth_access_tokens` (`access_token`) ON DELETE CASCADE
) ENGINE=InnoDB DEFAULT CHARSET=utf8 COLLATE=utf8_unicode_ci;
/*!40101 SET character_set_client = @saved_cs_client */;

--
-- Dumping data for table `oauth_refresh_tokens`
--

LOCK TABLES `oauth_refresh_tokens` WRITE;
/*!40000 ALTER TABLE `oauth_refresh_tokens` DISABLE KEYS */;
/*!40000 ALTER TABLE `oauth_refresh_tokens` ENABLE KEYS */;
UNLOCK TABLES;

--
-- Table structure for table `oauth_scopes`
--

DROP TABLE IF EXISTS `oauth_scopes`;
/*!40101 SET @saved_cs_client     = @@character_set_client */;
/*!40101 SET character_set_client = utf8 */;
CREATE TABLE `oauth_scopes` (
  `id` varchar(255) COLLATE utf8_unicode_ci NOT NULL,
  `description` varchar(255) COLLATE utf8_unicode_ci NOT NULL,
  PRIMARY KEY (`id`)
) ENGINE=InnoDB DEFAULT CHARSET=utf8 COLLATE=utf8_unicode_ci;
/*!40101 SET character_set_client = @saved_cs_client */;

--
-- Dumping data for table `oauth_scopes`
--

LOCK TABLES `oauth_scopes` WRITE;
/*!40000 ALTER TABLE `oauth_scopes` DISABLE KEYS */;
INSERT INTO `oauth_scopes` VALUES ('basic','Basic details about your account'),('email','Your email address'),('photo','Your photo');
/*!40000 ALTER TABLE `oauth_scopes` ENABLE KEYS */;
UNLOCK TABLES;

--
-- Table structure for table `oauth_session_scopes`
--

DROP TABLE IF EXISTS `oauth_session_scopes`;
/*!40101 SET @saved_cs_client     = @@character_set_client */;
/*!40101 SET character_set_client = utf8 */;
CREATE TABLE `oauth_session_scopes` (
  `id` int(10) unsigned NOT NULL AUTO_INCREMENT,
  `session_id` int(10) unsigned NOT NULL,
  `scope` varchar(255) COLLATE utf8_unicode_ci NOT NULL,
  PRIMARY KEY (`id`),
  KEY `oauth_session_scopes_session_id_foreign` (`session_id`),
  KEY `oauth_session_scopes_scope_foreign` (`scope`),
  CONSTRAINT `oauth_session_scopes_scope_foreign` FOREIGN KEY (`scope`) REFERENCES `oauth_scopes` (`id`) ON DELETE CASCADE,
  CONSTRAINT `oauth_session_scopes_session_id_foreign` FOREIGN KEY (`session_id`) REFERENCES `oauth_sessions` (`id`) ON DELETE CASCADE
) ENGINE=InnoDB DEFAULT CHARSET=utf8 COLLATE=utf8_unicode_ci;
/*!40101 SET character_set_client = @saved_cs_client */;

--
-- Dumping data for table `oauth_session_scopes`
--

LOCK TABLES `oauth_session_scopes` WRITE;
/*!40000 ALTER TABLE `oauth_session_scopes` DISABLE KEYS */;
/*!40000 ALTER TABLE `oauth_session_scopes` ENABLE KEYS */;
UNLOCK TABLES;

--
-- Table structure for table `oauth_sessions`
--

DROP TABLE IF EXISTS `oauth_sessions`;
/*!40101 SET @saved_cs_client     = @@character_set_client */;
/*!40101 SET character_set_client = utf8 */;
CREATE TABLE `oauth_sessions` (
  `id` int(10) unsigned NOT NULL AUTO_INCREMENT,
  `owner_type` varchar(255) COLLATE utf8_unicode_ci NOT NULL,
  `owner_id` varchar(255) COLLATE utf8_unicode_ci NOT NULL,
  `client_id` varchar(255) COLLATE utf8_unicode_ci NOT NULL,
  `client_redirect_uri` varchar(255) COLLATE utf8_unicode_ci DEFAULT NULL,
  PRIMARY KEY (`id`),
  KEY `oauth_sessions_client_id_foreign` (`client_id`),
  CONSTRAINT `oauth_sessions_client_id_foreign` FOREIGN KEY (`client_id`) REFERENCES `oauth_clients` (`id`) ON DELETE CASCADE
) ENGINE=InnoDB AUTO_INCREMENT=4 DEFAULT CHARSET=utf8 COLLATE=utf8_unicode_ci;
/*!40101 SET character_set_client = @saved_cs_client */;

--
-- Dumping data for table `oauth_sessions`
--

LOCK TABLES `oauth_sessions` WRITE;
/*!40000 ALTER TABLE `oauth_sessions` DISABLE KEYS */;
INSERT INTO `oauth_sessions` VALUES (1,'client','testclient','testclient',NULL),(2,'user','1','testclient',NULL),(3,'user','2','testclient',NULL);
/*!40000 ALTER TABLE `oauth_sessions` ENABLE KEYS */;
UNLOCK TABLES;

--
-- Table structure for table `users`
--

DROP TABLE IF EXISTS `users`;
/*!40101 SET @saved_cs_client     = @@character_set_client */;
/*!40101 SET character_set_client = utf8 */;
CREATE TABLE `users` (
  `id` int(10) unsigned NOT NULL AUTO_INCREMENT,
  `username` varchar(255) COLLATE utf8_unicode_ci NOT NULL,
  `password` varchar(255) COLLATE utf8_unicode_ci NOT NULL,
  `name` varchar(255) COLLATE utf8_unicode_ci NOT NULL,
  `email` varchar(255) COLLATE utf8_unicode_ci NOT NULL,
  `photo` varchar(255) COLLATE utf8_unicode_ci NOT NULL,
  PRIMARY KEY (`id`)
) ENGINE=InnoDB AUTO_INCREMENT=3 DEFAULT CHARSET=utf8 COLLATE=utf8_unicode_ci;
/*!40101 SET character_set_client = @saved_cs_client */;

--
-- Dumping data for table `users`
--

LOCK TABLES `users` WRITE;
/*!40000 ALTER TABLE `users` DISABLE KEYS */;
INSERT INTO `users` VALUES (1,'alexbilbie','$2y$10$Fgi2kQKDJkGhT46KzBuoM.5VjWQ3crnbT3KpZDO2kDt949ryYiU6m','Alex Bilbie','hello@alexbilbie.com','https://s.gravatar.com/avatar/14902eb1dac66b8458ebbb481d80f0a3'),(2,'philsturgeon','$2y$10$14rBop9TEBTu791iNGEHZupMWsqEzzfMUAxGDJiyEIlDwQwY6uvIy','Phil Sturgeon','email@philsturgeon.co.uk','https://s.gravatar.com/avatar/14df293d6c5cd6f05996dfc606a6a951');
/*!40000 ALTER TABLE `users` ENABLE KEYS */;
UNLOCK TABLES;
/*!40103 SET TIME_ZONE=@OLD_TIME_ZONE */;

/*!40101 SET SQL_MODE=@OLD_SQL_MODE */;
/*!40014 SET FOREIGN_KEY_CHECKS=@OLD_FOREIGN_KEY_CHECKS */;
/*!40014 SET UNIQUE_CHECKS=@OLD_UNIQUE_CHECKS */;
/*!40101 SET CHARACTER_SET_CLIENT=@OLD_CHARACTER_SET_CLIENT */;
/*!40101 SET CHARACTER_SET_RESULTS=@OLD_CHARACTER_SET_RESULTS */;
/*!40101 SET COLLATION_CONNECTION=@OLD_COLLATION_CONNECTION */;
/*!40111 SET SQL_NOTES=@OLD_SQL_NOTES */;

-- Dump completed on 2016-01-26 21:47:25
